queue,GIS
Q1,POINT (36.377637 -120.642449)
Q2,POINT (36.971123 -119.129794)
Q3,POINT (37.465973 -120.249976)
Q4,"POLYGON (35.049683 -118.543644, 35.011913 -118.518787,35.008184 -118.599445 )"
